{
    "bm25": {
        "ndcg_at_10": 0.003616921956873225,
        "mrr": 0.0050367694765739626,
        "recall_at_100": 0.013452914798206279,
        "index_build_time_s": 89.56682705879211,
        "index_size_mb": 410.9200038909912,
        "latency_p50_ms": 17743.542432785034,
        "latency_p99_ms": 96220.80873966217
    },
    "dense": {
        "ndcg_at_10": 0.01101601297550304,
        "mrr": 0.009003391974243992,
        "recall_at_100": 0.030269058295964126,
        "embedding_time_s": 24.895211458206177,
        "index_build_time_s": 17.16097116470337,
        "index_size_mb": 1461.1216249465942,
        "latency_p50_ms": 184.19182300567627,
        "latency_p99_ms": 1236.3490796089138
    },
    "hybrid": {
        "ndcg_at_10": 0.006339220929935348,
        "mrr": 0.006519953122966379,
        "recall_at_100": 0.032511210762331835
    }
}